{
    "exported": "2025-10-29T15:33:39.761254Z",
    "source": "com.google.android.as (Captured via Noga)",
    "device": "Google Pixel 8a",
    "method": "In-app capture",
    "capture_info": {
        "total_pages": 1,
        "date_groups": [
            "2025-10-29",
            "2025-10-28",
            "2025-10-26",
            "2025-10-25",
            "2025-10-22",
            "2025-10-21",
            "2025-10-19",
            "2025-10-18",
            "2025-10-17",
            "2025-10-16",
            "2025-10-15",
            "2025-10-14",
            "2025-10-13",
            "2025-10-12",
            "2025-10-11",
            "2025-10-10",
            "2025-10-09",
            "2025-10-08",
            "2025-10-07",
            "2025-10-05",
            "2025-10-04",
            "2025-10-03",
            "2025-10-01"
        ]
    },
    "statistics": {
        "total_tracks": 142,
        "unique_artists": 129,
        "unique_songs": 142,
        "favorited_count": 2
    },
    "tracks": [
        {
            "title": "You Should Be Dancing",
            "artist": "Bee Gees",
            "time": "07:46",
            "date": "2025-10-29",
            "favorited": true
        },
        {
            "title": "Sweet Home Alabama",
            "artist": "Lynyrd Skynyrd",
            "time": "17:04",
            "date": "2025-10-28",
            "favorited": true
        },
        {
            "title": "Timeless",
            "artist": "The Weeknd & Playboi Carti",
            "time": "09:23",
            "date": "2025-10-28"
        },
        {
            "title": "1+1",
            "artist": "Naïka",
            "time": "09:16",
            "date": "2025-10-28"
        },
        {
            "title": "Titanium",
            "artist": "David Guetta",
            "time": "09:03",
            "date": "2025-10-28"
        },
        {
            "title": "Taxi",
            "artist": "Bluey",
            "time": "07:43",
            "date": "2025-10-28"
        },
        {
            "title": "Bluey Theme Tune (Instrument Parade)",
            "artist": "Bluey",
            "time": "07:37",
            "date": "2025-10-28"
        },
        {
            "title": "Golden",
            "artist": "Ejae, Audrey Nuna, Rei Ami,…",
            "time": "06:40",
            "date": "2025-10-28"
        },
        {
            "title": "Whatever",
            "artist": "Our Lady Peace",
            "time": "20:45",
            "date": "2025-10-26"
        },
        {
            "title": "WWE: Line in the Sand (Evolution)",
            "artist": "WWE & Motörhead",
            "time": "20:15",
            "date": "2025-10-26"
        },
        {
            "title": "Take My Breath (Single Version)",
            "artist": "The Weeknd",
            "time": "17:22",
            "date": "2025-10-26"
        },
        {
            "title": "Girls Just Want to Have Fun",
            "artist": "Cyndi Lauper",
            "time": "14:18",
            "date": "2025-10-26"
        },
        {
            "title": "Golden",
            "artist": "Annapantsu",
            "time": "06:50",
            "date": "2025-10-26"
        },
        {
            "title": "Golden",
            "artist": "Xoxo Chan",
            "time": "06:49",
            "date": "2025-10-26"
        },
        {
            "title": "La Grange",
            "artist": "ZZ Top",
            "time": "17:01",
            "date": "2025-10-25"
        },
        {
            "title": "Empire State Of Mind",
            "artist": "Jay-Z",
            "time": "15:50",
            "date": "2025-10-25"
        },
        {
            "title": "Bluey Theme Tune (Dance Remix)",
            "artist": "Bluey",
            "time": "08:46",
            "date": "2025-10-29"
        },
        {
            "title": "Beautiful Now",
            "artist": "Zedd",
            "time": "18:29",
            "date": "2025-10-22"
        },
        {
            "title": "Mood",
            "artist": "24kGoldn",
            "time": "18:15",
            "date": "2025-10-22"
        },
        {
            "title": "Mood (Remix)",
            "artist": "24kGoldn, Justin Bieber, J B…",
            "time": "18:14",
            "date": "2025-10-22"
        },
        {
            "title": "Games People Play",
            "artist": "The Alan Parsons Project",
            "time": "13:17",
            "date": "2025-10-29"
        },
        {
            "title": "Hearts",
            "artist": "Marty Balin",
            "time": "12:31",
            "date": "2025-10-29"
        },
        {
            "title": "New Kid in Town",
            "artist": "Eagles",
            "time": "12:28",
            "date": "2025-10-29"
        },
        {
            "title": "The Logical Song",
            "artist": "Supertramp",
            "time": "11:49",
            "date": "2025-10-29"
        },
        {
            "title": "You're No Good",
            "artist": "Linda Ronstadt",
            "time": "11:40",
            "date": "2025-10-29"
        },
        {
            "title": "Physical",
            "artist": "Dua Lipa",
            "time": "16:28",
            "date": "2025-10-21"
        },
        {
            "title": "Rockabye",
            "artist": "Clean Bandit",
            "time": "14:14",
            "date": "2025-10-21"
        },
        {
            "title": "Tell It to My Heart",
            "artist": "Taylor Dayne",
            "time": "19:43",
            "date": "2025-10-19"
        },
        {
            "title": "Blame It on the Boogie",
            "artist": "The Jacksons",
            "time": "19:26",
            "date": "2025-10-29"
        },
        {
            "title": "My Oh My",
            "artist": "Ava Max",
            "time": "19:01",
            "date": "2025-10-29"
        },
        {
            "title": "My Songs Know What You Did In The Dark (Light Em Up)",
            "artist": "Fall Out Boy",
            "time": "15:20",
            "date": "2025-10-29"
        },
        {
            "title": "These Walls",
            "artist": "Dua Lipa",
            "time": "09:30",
            "date": "2025-10-29"
        },
        {
            "title": "Shine",
            "artist": "Lastnerd",
            "time": "22:33",
            "date": "2025-10-18"
        },
        {
            "title": "Falling Forever",
            "artist": "Dua Lipa",
            "time": "22:27",
            "date": "2025-10-18"
        },
        {
            "title": "Lil Boo Thang",
            "artist": "Paul Russell",
            "time": "22:22",
            "date": "2025-10-18"
        },
        {
            "title": "Undefeatable",
            "artist": "SEGA SOUND TEAM & Tomo…",
            "time": "19:21",
            "date": "2025-10-18"
        },
        {
            "title": "Hell You Call A Dream",
            "artist": "The Warning",
            "time": "14:54",
            "date": "2025-10-29"
        },
        {
            "title": "Feather",
            "artist": "Sabrina Carpenter",
            "time": "14:53",
            "date": "2025-10-29"
        },
        {
            "title": "A Sky Full of Stars",
            "artist": "Coldplay",
            "time": "10:23",
            "date": "2025-10-29"
        },
        {
            "title": "Love Don't Let Me Go",
            "artist": "David Guetta",
            "time": "09:35",
            "date": "2025-10-29"
        },
        {
            "title": "CLARITY",
            "artist": "xxtristanxo",
            "time": "09:33",
            "date": "2025-10-29"
        },
        {
            "title": "Don't You (Forget About Me)",
            "artist": "Simple Minds",
            "time": "21:52",
            "date": "2025-10-17"
        },
        {
            "title": "American Boy",
            "artist": "Estelle",
            "time": "12:55",
            "date": "2025-10-17"
        },
        {
            "title": "Out of Time",
            "artist": "The Weeknd",
            "time": "12:35",
            "date": "2025-10-17"
        },
        {
            "title": "Dynamite",
            "artist": "BTS",
            "time": "12:31",
            "date": "2025-10-17"
        },
        {
            "title": "Slipping Away",
            "artist": "Leisure",
            "time": "12:22",
            "date": "2025-10-29"
        },
        {
            "title": "Weak for Your Love",
            "artist": "Thee Sacred Souls",
            "time": "12:20",
            "date": "2025-10-29"
        },
        {
            "title": "Tension",
            "artist": "Kylie Minogue",
            "time": "12:10",
            "date": "2025-10-29"
        },
        {
            "title": "Freedom",
            "artist": "Pharrell Williams",
            "time": "10:03",
            "date": "2025-10-29"
        },
        {
            "title": "What Is Love (7\" Mix)",
            "artist": "Haddaway",
            "time": "23:47",
            "date": "2025-10-16"
        },
        {
            "title": "Find Yourself",
            "artist": "Brad Paisley",
            "time": "23:06",
            "date": "2025-10-16"
        },
        {
            "title": "Sh-Boom (Life Could Be a Dream)",
            "artist": "The Chords",
            "time": "22:35",
            "date": "2025-10-16"
        },
        {
            "title": "Sh-Boom",
            "artist": "The Chords",
            "time": "22:34",
            "date": "2025-10-16"
        },
        {
            "title": "Our Town",
            "artist": "James Taylor",
            "time": "22:08",
            "date": "2025-10-16"
        },
        {
            "title": "Behind the Clouds",
            "artist": "Brad Paisley",
            "time": "21:57",
            "date": "2025-10-29"
        },
        {
            "title": "I Was Made For Lovin' You",
            "artist": "Kiss",
            "time": "16:01",
            "date": "2025-10-29"
        },
        {
            "title": "Down Like That",
            "artist": "Bryson Tiller",
            "time": "18:57",
            "date": "2025-10-15"
        },
        {
            "title": "No Sacrifice, No Victory",
            "artist": "Steve Jablonsky",
            "time": "18:48",
            "date": "2025-10-15"
        },
        {
            "title": "I Love It",
            "artist": "Icona Pop",
            "time": "18:39",
            "date": "2025-10-15"
        },
        {
            "title": "Overdrive",
            "artist": "Ofenbach",
            "time": "07:29",
            "date": "2025-10-15"
        },
        {
            "title": "Wicked Game",
            "artist": "Daisy Gray",
            "time": "07:23",
            "date": "2025-10-15"
        },
        {
            "title": "Mr. Blue Sky",
            "artist": "Electric Light Orchestra",
            "time": "15:11",
            "date": "2025-10-14"
        },
        {
            "title": "Take on Me",
            "artist": "a-ha",
            "time": "14:33",
            "date": "2025-10-29"
        },
        {
            "title": "Peaches",
            "artist": "Jack Black",
            "time": "14:25",
            "date": "2025-10-29"
        },
        {
            "title": "Fantastic Voyage",
            "artist": "Coolio",
            "time": "13:40",
            "date": "2025-10-29"
        },
        {
            "title": "Holding Out for a Hero (From \"Footloose\" Soundtrack)",
            "artist": "Bonnie Tyler",
            "time": "12:55",
            "date": "2025-10-29"
        },
        {
            "title": "Golden",
            "artist": "EJAE, HUNTR/X, Rei Ami, Au…",
            "time": "15:13",
            "date": "2025-10-13"
        },
        {
            "title": "Superman Returns - Main Titles",
            "artist": "John Ottman",
            "time": "13:41",
            "date": "2025-10-13"
        },
        {
            "title": "I Was Made To Love Her",
            "artist": "Stevie Wonder",
            "time": "13:36",
            "date": "2025-10-29"
        },
        {
            "title": "Most Wanted",
            "artist": "Towa",
            "time": "00:08",
            "date": "2025-10-29"
        },
        {
            "title": "Life is a Highway",
            "artist": "Rascal Flatts",
            "time": "00:05",
            "date": "2025-10-29"
        },
        {
            "title": "Real Gone",
            "artist": "Sheryl Crow",
            "time": "23:35",
            "date": "2025-10-12"
        },
        {
            "title": "Vindicated",
            "artist": "Dashboard Confessional",
            "time": "22:39",
            "date": "2025-10-12"
        },
        {
            "title": "Blue and Yellow",
            "artist": "The Used",
            "time": "22:37",
            "date": "2025-10-12"
        },
        {
            "title": "The Kill",
            "artist": "Thirty Seconds To Mars",
            "time": "22:35",
            "date": "2025-10-12"
        },
        {
            "title": "I Don't Love You",
            "artist": "My Chemical Romance",
            "time": "22:30",
            "date": "2025-10-12"
        },
        {
            "title": "사랑인가 봐 Love, Maybe",
            "artist": "MeloMance",
            "time": "22:01",
            "date": "2025-10-12"
        },
        {
            "title": "SEEIN’ STARS",
            "artist": "Turnstile",
            "time": "21:58",
            "date": "2025-10-29"
        },
        {
            "title": "WWE: Phenomenal (AJ Styles)",
            "artist": "WWE  & CFO$",
            "time": "22:05",
            "date": "2025-10-11"
        },
        {
            "title": "One Eyed Bastard",
            "artist": "Green Day",
            "time": "22:04",
            "date": "2025-10-11"
        },
        {
            "title": "The Fantastic Four: First Steps Main Theme (From \"The Fantastic Four: First Steps\")",
            "artist": "Michael Giacchino",
            "time": "19:18",
            "date": "2025-10-11"
        },
        {
            "title": "Better Off Alone (UK Short Cut)",
            "artist": "Alice DJ",
            "time": "13:09",
            "date": "2025-10-11"
        },
        {
            "title": "LET'S GO",
            "artist": "Jaden Bojsen & Sami Brielle",
            "time": "13:06",
            "date": "2025-10-11"
        },
        {
            "title": "I'm Good (Blue)",
            "artist": "David Guetta & Bebe Rexha",
            "time": "12:31",
            "date": "2025-10-11"
        },
        {
            "title": "Somebody",
            "artist": "Gotye, FISHER & Chris Lake",
            "time": "12:17",
            "date": "2025-10-11"
        },
        {
            "title": "Hollow",
            "artist": "Artbat",
            "time": "12:00",
            "date": "2025-10-11"
        },
        {
            "title": "I Adore You",
            "artist": "Arash, Hugel, and Topic",
            "time": "11:55",
            "date": "2025-10-29"
        },
        {
            "title": "Let You Love Me",
            "artist": "Rita Ora",
            "time": "13:05",
            "date": "2025-10-10"
        },
        {
            "title": "Midnight",
            "artist": "Khruangbin & Leon Bridges",
            "time": "13:02",
            "date": "2025-10-10"
        },
        {
            "title": "Tadow",
            "artist": "Masego",
            "time": "12:11",
            "date": "2025-10-10"
        },
        {
            "title": "Tadow (Extended Version)",
            "artist": "Masego",
            "time": "12:10",
            "date": "2025-10-10"
        },
        {
            "title": "One Right Now",
            "artist": "Post Malone & The Weeknd",
            "time": "12:00",
            "date": "2025-10-10"
        },
        {
            "title": "Adore You",
            "artist": "Harry Styles",
            "time": "11:59",
            "date": "2025-10-10"
        },
        {
            "title": "New Year's Day",
            "artist": "U2",
            "time": "11:50",
            "date": "2025-10-10"
        },
        {
            "title": "Too Much",
            "artist": "Dove Cameron",
            "time": "11:41",
            "date": "2025-10-10"
        },
        {
            "title": "PUSH 2 START (REMIX)",
            "artist": "Tyla & Sean Paul",
            "time": "11:35",
            "date": "2025-10-29"
        },
        {
            "title": "I Had Some Help",
            "artist": "Post Malone",
            "time": "11:30",
            "date": "2025-10-29"
        },
        {
            "title": "Mystical Magical",
            "artist": "Benson Boone",
            "time": "11:28",
            "date": "2025-10-29"
        },
        {
            "title": "Roses",
            "artist": "The Chainsmokers",
            "time": "11:26",
            "date": "2025-10-29"
        },
        {
            "title": "Right Back",
            "artist": "Khalid",
            "time": "11:18",
            "date": "2025-10-29"
        },
        {
            "title": "Texas Sun",
            "artist": "Khruangbin & Leon Bridges",
            "time": "09:05",
            "date": "2025-10-29"
        },
        {
            "title": "DISCONNECTED",
            "artist": "Chase Atlantic",
            "time": "21:13",
            "date": "2025-10-09"
        },
        {
            "title": "The Look",
            "artist": "Metronomy",
            "time": "20:15",
            "date": "2025-10-29"
        },
        {
            "title": "My Way (2008 Remastered)",
            "artist": "Frank Sinatra",
            "time": "14:19",
            "date": "2025-10-29"
        },
        {
            "title": "Golden",
            "artist": "HUNTR/X, Rei Ami, Ejae, Aud…",
            "time": "15:02",
            "date": "2025-10-08"
        },
        {
            "title": "Free",
            "artist": "Ejae, KPop Demon Hunters…",
            "time": "15:01",
            "date": "2025-10-08"
        },
        {
            "title": "Takedown (from \"KPop Demon Hunters\")",
            "artist": "AmaLee",
            "time": "13:37",
            "date": "2025-10-08"
        },
        {
            "title": "What It Sounds Like - Instrumental",
            "artist": "HUNTR/X, Ejae, KPop Demo…",
            "time": "13:31",
            "date": "2025-10-08"
        },
        {
            "title": "Takedown",
            "artist": "Audrey Nuna, Ejae, KPop De…",
            "time": "13:17",
            "date": "2025-10-08"
        },
        {
            "title": "LOVE ME RIGHT",
            "artist": "EXO",
            "time": "12:34",
            "date": "2025-10-29"
        },
        {
            "title": "Strategy",
            "artist": "TWICE",
            "time": "12:23",
            "date": "2025-10-29"
        },
        {
            "title": "Prologue",
            "artist": "Ejae and Marcelo Zarvos",
            "time": "12:11",
            "date": "2025-10-29"
        },
        {
            "title": "Take Me Away (From \"Freakier Friday\")",
            "artist": "Christina Vidal Mitchell & Dis…",
            "time": "20:11",
            "date": "2025-10-07"
        },
        {
            "title": "...Baby One More Time",
            "artist": "Britney Spears",
            "time": "19:22",
            "date": "2025-10-07"
        },
        {
            "title": "Spice Up Your Life",
            "artist": "Spice Girls",
            "time": "19:18",
            "date": "2025-10-07"
        },
        {
            "title": "Super Graphic Ultra Modern Girl",
            "artist": "Chappell Roan",
            "time": "19:16",
            "date": "2025-10-29"
        },
        {
            "title": "HOT TO GO!",
            "artist": "Chappell Roan",
            "time": "17:17",
            "date": "2025-10-29"
        },
        {
            "title": "20200229 2",
            "artist": "Mac DeMarco",
            "time": "12:34",
            "date": "2025-10-29"
        },
        {
            "title": "Golden (Alex Kade edit) [KPop Demon Hunters]",
            "artist": "Alex Kade & CVSS",
            "time": "16:37",
            "date": "2025-10-05"
        },
        {
            "title": "Say My Name, Karen",
            "artist": "Karen",
            "time": "14:35",
            "date": "2025-10-05"
        },
        {
            "title": "How It’s Done - Instrumental",
            "artist": "Ejae, Audrey Nuna, HUNTR/X…",
            "time": "11:40",
            "date": "2025-10-05"
        },
        {
            "title": "Everytime We Touch (Hardwell & Maurice West Remix)",
            "artist": "Cascada",
            "time": "10:20",
            "date": "2025-10-04"
        },
        {
            "title": "Everytime We Touch (Radio Edit)",
            "artist": "Cascada",
            "time": "10:19",
            "date": "2025-10-04"
        },
        {
            "title": "Heroes (we could be)",
            "artist": "Alesso",
            "time": "10:11",
            "date": "2025-10-04"
        },
        {
            "title": "Heads Will Roll (A-Trak Remix)",
            "artist": "Yeah Yeah Yeahs",
            "time": "09:55",
            "date": "2025-10-04"
        },
        {
            "title": "Call Me a Spaceman",
            "artist": "Hardwell",
            "time": "09:43",
            "date": "2025-10-04"
        },
        {
            "title": "U Can't Touch This",
            "artist": "M.C. Hammer",
            "time": "19:54",
            "date": "2025-10-03"
        },
        {
            "title": "Money, Money, Money",
            "artist": "ABBA",
            "time": "16:12",
            "date": "2025-10-29"
        },
        {
            "title": "Last Night (Anyma x Layton Giordani Remix)",
            "artist": "Loofy",
            "time": "13:33",
            "date": "2025-10-29"
        },
        {
            "title": "Move",
            "artist": "Adam Port, Stryv, Keinemusi…",
            "time": "13:28",
            "date": "2025-10-29"
        },
        {
            "title": "Mozart: Requiem, K. 626: IIIf. Lacrimosa",
            "artist": "Wiener Singverein, Wiener P…",
            "time": "22:04",
            "date": "2025-10-01"
        },
        {
            "title": "Machi No Dorufin",
            "artist": "Kingo Hamada",
            "time": "17:18",
            "date": "2025-10-01"
        },
        {
            "title": "Stars In The Sky (From Sonic The Hedgehog 2)",
            "artist": "Kid Cudi",
            "time": "14:05",
            "date": "2025-10-01"
        },
        {
            "title": "Barracuda",
            "artist": "Heart",
            "time": "13:22",
            "date": "2025-10-01"
        },
        {
            "title": "Limosnero De Cariño",
            "artist": "Los Rehenes",
            "time": "13:05",
            "date": "2025-10-01"
        },
        {
            "title": "Uptown Funk",
            "artist": "Mark Ronson",
            "time": "13:00",
            "date": "2025-10-01"
        },
        {
            "title": "This Is How We Do It",
            "artist": "Montell Jordan",
            "time": "12:32",
            "date": "2025-10-29"
        },
        {
            "title": "Here Comes the Hotstepper",
            "artist": "Ini Kamoze",
            "time": "12:28",
            "date": "2025-10-29"
        },
        {
            "title": "How It’s Done",
            "artist": "HUNTR/X, Rei Ami, Audrey N…",
            "time": "08:03",
            "date": "2025-10-29"
        },
        {
            "title": "What It Sounds Like",
            "artist": "Audrey Nuna, EJAE, Rei Ami,…",
            "time": "07:57",
            "date": "2025-10-29"
        },
        {
            "title": "TAKEDOWN",
            "artist": "TWICE",
            "time": "07:51",
            "date": "2025-10-29"
        },
        {
            "title": "Golden",
            "artist": "KPop Demon Hunters Cast,…",
            "time": "07:31",
            "date": "2025-10-29"
        }
    ]
}